{
  "accuracy": 1.0,
  "f1_score": 1.0,
  "predictions": [
    "neg",
    "pos",
    "pos",
    "neg",
    "pos",
    "neg",
    "pos",
    "neg",
    "pos",
    "neg",
    "pos",
    "neg"
  ],
  "probabilities": [
    [
      0.6878119117142448,
      0.31218808828575534
    ],
    [
      0.2986927259127063,
      0.701307274087294
    ],
    [
      0.12906381664496705,
      0.870936183355033
    ],
    [
      0.8658369540066319,
      0.13416304599336815
    ],
    [
      0.15482915753166318,
      0.845170842468337
    ],
    [
      0.7770318920012582,
      0.2229681079987419
    ],
    [
      0.2871517881777091,
      0.712848211822291
    ],
    [
      0.7235956850112372,
      0.27640431498876267
    ],
    [
      0.08208671480143707,
      0.917913285198563
    ],
    [
      0.8532456520445914,
      0.1467543479554085
    ],
    [
      0.15308798223958456,
      0.8469120177604158
    ],
    [
      0.8142943061380339,
      0.18570569386196598
    ]
  ],
  "cv_scores": [
    0.9166666666666666,
    1.0,
    1.0,
    1.0,
    0.9166666666666666
  ],
  "cv_mean": 0.9666666666666666,
  "cv_std": 0.04082482904638632
}